file_name,(meta)data_field,unit,format,info
Riverbank_data,file source,NA,text,name of original data file
Riverbank_data,DatasetID,NA,text; acronym of country and unique number,"unique ID of the dataset, as acronym of the country followed by a unique number"
Riverbank_data,CountryResponsible,NA,text,country of partner institute responsible for the dataset
Riverbank_data,ResearchInstituteResponsible,NA,text,Plastic Pirates partner institute(s) responsible for the dataset
Riverbank_data,PersonResponsible,NA,text,expert(s) responsible for the dataset
Riverbank_data,PersonContact,NA,text,email of the expert(s)
Riverbank_data,GeneralCommentDataset,NA,text,information about the dataset or sampling
Riverbank_data,SamplingCampaign,NA,season and year,Plastic Pirates sampling campaign for which the data were collected (this could be different than the actual year in which the sampling was done)
Riverbank_data,SamplingYear,NA,YYYY,year in which the data were collected
Riverbank_data,SamplingTeamName,NA,text,name of the student group collecting the data
Riverbank_data,SamplingInstitution,NA,text,name of the institute of the student group
Riverbank_data,SamplingAttempted,NA,"0, 1",sampling has been attempted (1) or not (0)
Riverbank_data,DatasetReasonDisqualified,NA,text,reason why the dataset has been disqualified
Riverbank_data,DatasetQualified,NA,"0, 1",data are considered as qualified (1) or not (0)
Riverbank_data,SamplingOnlineOnWebsite,NA,"0, 1",data have been uploaded to the Plastic Pirates website (1) or not (0)
Riverbank_data,SamplingDate,NA,YYYY-MM-DD (ISO 8601),date of sampling by students
Riverbank_data,SamplingCoordinatesLatitude,degrees,decimal number,latitude of sampling location
Riverbank_data,SamplingCoordinatesLongitude,degrees,decimal number,longitude of sampling location
Riverbank_data,SamplingPlace,NA,text,closest place to the sampling location
Riverbank_data,SamplingRegion,NA,text,region the sampling location belongs to
Riverbank_data,SamplingRiver,NA,text,name of river or stream sampled
Riverbank_data,SamplingRiverSystem,NA,text,name of river system the river or stream belongs to
Riverbank_data,SamplingParticipants,NA,number,number of students that have sampled
Riverbank_data,SamplingComment,NA,text,more information on the sampling
Riverbank_data,RiversideLitterCircles_AttemptedSampling,NA,"0, 1","sampling for group A (riverbank, circles) has been attempted (1) or not (0)"
Riverbank_data,RiversideLitterCircles_DisqualifiedReason,NA,text,reason why the riverbank macrolitter data of group A has been disqualified
Riverbank_data,RiversideLitterCircles_Qualified,NA,"0, 1",riverbank macrolitter data of group A are considered as qualified (1) or not (0)
Riverbank_data,RiversideLitterCircles_Results_NumberOfStationsSampled,NA,number (0-9),number of stations (circles) sampled
Riverbank_data,RiversideLitterCircles_Results_NumberOfStationsWithLitterFindings,NA,number (0-9),number of stations sampled and with litter findings
Riverbank_data,RiversideLitterCircles_Results_PaperTotal,NA,number,total count of items in this category for all stations sampled
Riverbank_data,RiversideLitterCircles_Results_CigarettesTotal,NA,number,total count of items in this category for all stations sampled
Riverbank_data,RiversideLitterCircles_Results_PlasticTotal,NA,number,total count of items in this category for all stations sampled
Riverbank_data,RiversideLitterCircles_Results_MetalTotal,NA,number,total count of items in this category for all stations sampled
Riverbank_data,RiversideLitterCircles_Results_GlassTotal,NA,number,total count of items in this category for all stations sampled
Riverbank_data,RiversideLitterCircles_Results_FoodLeftoverTotal,NA,number,total count of items in this category for all stations sampled
Riverbank_data,RiversideLitterCircles_Results_OtherTotal,NA,number,total count of items in this category for all stations sampled
Riverbank_data,RiversideLitterCircles_Results_OverallTotal,NA,number,total count of items in all categories and for all stations sampled
Riverbank_data,RiversideLitterCircles_Results_AveragePerM2,average count per square metre,number,average count of items per unit of area for all categories and all stations sampled
Riverbank_data,RiversideLitterCircles_ResultsComment,NA,text,more information on the sampling of group A
Riverbank_data,RiversideWasteVariety_AttemptedSampling,NA,"0, 1","sampling for group B (riverbank, waste variety) has been attempted (1) or not (0)"
Riverbank_data,RiversideWasteVariety_DisqualifiedReason,NA,text,reason why the riverbank macrolitter data of group B has been disqualified
Riverbank_data,RiversideWasteVariety_Qualified,NA,"0, 1",riverbank macrolitter data of group B are considered as qualified (1) or not (0)
Riverbank_data,RiversideWasteVariety_Results_PlasticBags,NA,number,total count of items in this category
Riverbank_data,RiversideWasteVariety_Results_PlasticBottles,NA,number,total count of items in this category
Riverbank_data,RiversideWasteVariety_Results_PlasticLids,NA,number,total count of items in this category
Riverbank_data,RiversideWasteVariety_Results_TakeawayFastFood,NA,number,total count of items in this category
Riverbank_data,RiversideWasteVariety_Results_PlasticCutleryPlates,NA,number,total count of items in this category
Riverbank_data,RiversideWasteVariety_Results_PlasticPackagingSweets,NA,number,total count of items in this category
Riverbank_data,RiversideWasteVariety_Results_CottonBuds,NA,number,total count of items in this category
Riverbank_data,RiversideWasteVariety_Results_WetWipesSanitaryProducts,NA,number,total count of items in this category
Riverbank_data,RiversideWasteVariety_Results_Polystyrene,NA,number,total count of items in this category
Riverbank_data,RiversideWasteVariety_Results_SingleUsePlasticTotal,NA,number,total count of items in this category
Riverbank_data,RiversideWasteVariety_Results_SmallPlasticPieces<2.5cm,NA,number,total count of items in this category (plastic items smaller than 2.5 centimetres)
Riverbank_data,RiversideWasteVariety_Results_OtherUnidentifiablePlastic,NA,number,total count of items in this category
Riverbank_data,RiversideWasteVariety_Results_MetalBeverageCans,NA,number,total count of items in this category
Riverbank_data,RiversideWasteVariety_Results_BottleCaps,NA,number,total count of items in this category
Riverbank_data,RiversideWasteVariety_Results_AluminiumFoil,NA,number,total count of items in this category
Riverbank_data,RiversideWasteVariety_Results_OtherUnidentifiableMetal,NA,number,total count of items in this category
Riverbank_data,RiversideWasteVariety_Results_GlassBottles,NA,number,total count of items in this category
Riverbank_data,RiversideWasteVariety_Results_GlassPieces,NA,number,total count of items in this category
Riverbank_data,RiversideWasteVariety_Results_OtherUnidentifiableGlass,NA,number,total count of items in this category
Riverbank_data,RiversideWasteVariety_Results_CigaretteButts,NA,number,total count of items in this category
Riverbank_data,RiversideWasteVariety_Results_Paper,NA,number,total count of items in this category
Riverbank_data,RiversideWasteVariety_Results_Textiles,NA,number,total count of items in this category
Riverbank_data,RiversideWasteVariety_Results_Rubber,NA,number,total count of items in this category
Riverbank_data,RiversideWasteVariety_Results_Balloons,NA,number,total count of items in this category
Riverbank_data,RiversideWasteVariety_Results_OtherUnidentifiableWaste,NA,number,total count of items in this category
Riverbank_data,RiversideWasteVariety_Results_LocalWaste,NA,number,total count of items in this category
Riverbank_data,RiversideWasteVariety_Results_TotalNumber(incl.SUP),NA,number,total count of items in all categories together
Riverbank_data,RiversideWasteVariety_Results_ProportionSingleUsePlastic,%,number,proportion of the total count of items that could be identified as single use plastic
Riverbank_data,RiversideWasteVariety_Results_LengthOfRiverbankSearchedM,metres,number,length of the riverbank searched for group B
Riverbank_data,RiversideWasteVariety_Results_WidthOfRiverbankSearchedM,metres,number,width of the riverbank searched for group B
Riverbank_data,RiversideWasteVariety_Results_WeightPlasticWasteKG,kilograms,number,total weight of all plastic litter items found for group B
Riverbank_data,RiversideWasteVariety_Results_WeightAllWasteKG,kilograms,number,total weight of all litter items found for group B
Riverbank_data,RiversideWasteVariety_Results_ResultsComment,NA,text,more information on the sampling of group B
Riverbank_data,ReporterTeam_AttemptedSampling,NA,"0, 1",sampling for group D has been attempted (1) or not (0)
Riverbank_data,ReporterTeam_DisqualifiedReason,NA,text,reason why the data of group D has been disqualified
Riverbank_data,ReporterTeam_Qualified,NA,"0, 1",data of group D are considered as qualified (1) or not (0)
Riverbank_data,ReporterTeam_Results_SourceResidents,NA,"no, possibly, yes",possible source of the litter
Riverbank_data,ReporterTeam_Results_SourceVisitors,NA,"no, possibly, yes",possible source of the litter
Riverbank_data,ReporterTeam_Results_SourceFlyTippers,NA,"no, possibly, yes",possible source of the litter
Riverbank_data,ReporterTeam_Results_SourceIndustry,NA,"no, possibly, yes",possible source of the litter
Riverbank_data,ReporterTeam_Results_SourceAgriculture,NA,"no, possibly, yes",possible source of the litter
Riverbank_data,ReporterTeam_Results_SourceShipping,NA,"no, possibly, yes",possible source of the litter
Riverbank_data,ReporterTeam_Results_SourceFishing,NA,"no, possibly, yes",possible source of the litter
Riverbank_data,ReporterTeam_Results_Weather_Rain,NA,"no, yes",weather event has recently happened
Riverbank_data,ReporterTeam_Results_Weather_Storm,NA,"no, yes",weather event has recently happened
Riverbank_data,ReporterTeam_Results_Weather_Heat,NA,"no, yes",weather event has recently happened
Riverbank_data,ReporterTeam_Results_Problems_GroupA,NA,text,problems reported during sampling of group A
Riverbank_data,ReporterTeam_Results_Problems_GroupB,NA,text,problems reported during sampling of group B
Riverbank_data,ReporterTeam_Results_Problems_BiggestProblems,NA,text,biggest problems reported during sampling of all groups
