file_name,(meta)data_field,unit,format,info
Floating_data,file source,NA,text,name of original data file
Floating_data,DatasetID,NA,text; acronym of country and unique number,"unique ID of the dataset, as acronym of the country followed by a unique number"
Floating_data,CountryResponsible,NA,text,country of partner institute responsible for the dataset
Floating_data,ResearchInstituteResponsible,NA,text,Plastic Pirates partner institute(s) responsible for the dataset
Floating_data,PersonResponsible,NA,text,expert(s) responsible for the dataset
Floating_data,PersonContact,NA,text,email of the expert(s)
Floating_data,GeneralCommentDataset,NA,text,information about the dataset or sampling
Floating_data,SamplingCampaign,NA,season and year,Plastic Pirates sampling campaign for which the data were collected (this could be different than the actual year in which the sampling was done)
Floating_data,SamplingYear,NA,YYYY,year in which the data were collected
Floating_data,SamplingTeamName,NA,text,name of the student group collecting the data
Floating_data,SamplingInstitution,NA,text,name of the institute of the student group
Floating_data,SamplingAttempted,NA,"0, 1",sampling has been attempted (1) or not (0)
Floating_data,DatasetReasonDisqualified,NA,text,reason why the dataset has been disqualified
Floating_data,DatasetQualified,NA,"0, 1",data are considered as qualified (1) or not (0)
Floating_data,SamplingOnlineOnWebsite,NA,"0, 1",data have been uploaded to the Plastic Pirates website (1) or not (0)
Floating_data,SamplingDate,NA,YYYY-MM-DD (ISO 8601),date of sampling by students
Floating_data,SamplingCoordinatesLatitude,degrees,decimal number,latitude of sampling location
Floating_data,SamplingCoordinatesLongitude,degrees,decimal number,longitude of sampling location
Floating_data,SamplingPlace,NA,text,closest place to the sampling location
Floating_data,SamplingRegion,NA,text,region the sampling location belongs to
Floating_data,SamplingRiver,NA,text,name of river or stream sampled
Floating_data,SamplingRiverSystem,NA,text,name of river system the river or stream belongs to
Floating_data,SamplingParticipants,NA,number,number of students that have sampled
Floating_data,SamplingComment,NA,text,more information on the sampling
Floating_data,ReporterTeam_AttemptedSampling,NA,"0, 1",sampling for group D has been attempted (1) or not (0)
Floating_data,ReporterTeam_DisqualifiedReason,NA,text,reason why the data of group D has been disqualified
Floating_data,ReporterTeam_Qualified,NA,"0, 1",data of group D are considered as qualified (1) or not (0)
Floating_data,ReporterTeam_Results_SourceResidents,NA,"no, possibly, yes",possible source of the litter
Floating_data,ReporterTeam_Results_SourceVisitors,NA,"no, possibly, yes",possible source of the litter
Floating_data,ReporterTeam_Results_SourceFlyTippers,NA,"no, possibly, yes",possible source of the litter
Floating_data,ReporterTeam_Results_SourceIndustry,NA,"no, possibly, yes",possible source of the litter
Floating_data,ReporterTeam_Results_SourceAgriculture,NA,"no, possibly, yes",possible source of the litter
Floating_data,ReporterTeam_Results_SourceShipping,NA,"no, possibly, yes",possible source of the litter
Floating_data,ReporterTeam_Results_SourceFishing,NA,"no, possibly, yes",possible source of the litter
Floating_data,ReporterTeam_Results_Weather_Rain,NA,"no, yes",weather event has recently happened
Floating_data,ReporterTeam_Results_Weather_Storm,NA,"no, yes",weather event has recently happened
Floating_data,ReporterTeam_Results_Weather_Heat,NA,"no, yes",weather event has recently happened
Floating_data,ReporterTeam_Results_Problems_GroupC,NA,text,problems reported during sampling of group C
Floating_data,ReporterTeam_Results_Problems_BiggestProblems,NA,text,biggest problems reported during sampling of all groups
Floating_data,FloatingMacro_AttemptedSampling,NA,"0, 1",sampling of floating macrolitter of group C has been attempted (1) or not (0)
Floating_data,FloatingMacro_DisqualifiedReason,NA,text,reason why the floating macrolitter data have been disqualified
Floating_data,FloatingMacro_Qualified,NA,"0, 1",floating macrolitter data are considered as qualified (1) or not (0)
Floating_data,FloatingMacro_ObservationTimeInMinutes,minutes,number,time that the river has been observed for macrolitter
Floating_data,FloatingMacro_RiverWidth,metres,number,width of the river
Floating_data,FloatingMacro_ObservedWidth,metres,number,width of the river that has been observed for macrolitter
Floating_data,FloatingMacro_AmountOfFloatingMacrolitter,NA,number,amount of floating macrolitter reported
Floating_data,FloatingMacro_Comment,NA,,more information
Floating_data,FloatingMicro_AttemptedSampling,NA,"0, 1",sampling of floating meso-/microlitter of group C has been attempted (1) or not (0)
Floating_data,FloatingMicro_DisqualifiedReason,NA,text,reason why the floating microlitter data have been disqualified
Floating_data,FloatingMicro_Qualified,NA,"0, 1",floating microlitter data are considered as qualified (1) or not (0)
Floating_data,FloatingMicro_SamplingTimeInMinutes,minutes,number,time that sampling net has been in the water
Floating_data,FloatingMicro_AmountOfVERIFIEDMicroplastics,NA,number,amount of microplastics found in the sample
Floating_data,FloatingMicro_AmountOfVERIFIEDMesoplastics,NA,number,amount of mesoplastics found in the sample
Floating_data,FloatingMicro_Comment,NA,text,more information
Floating_data,FloatingFlowVelocity_AttemptedSampling,NA,"0, 1",sampling of flow velocity for group C has been attempted (1) or not (0)
Floating_data,FloatingFlowVelocity_DisqualifiedReason,NA,text,reason why the flow velocity data have been disqualified
Floating_data,FloatingFlowVelocity_Qualified,NA,"0, 1",flow velocity data are considered as qualified (1) or not (0)
Floating_data,FloatingFlowVelocity_FirstStick,metres per second,number,calculated flow velocity of the water according to the first stick
Floating_data,FloatingFlowVelocity_SecondStick,metres per second,number,calculated flow velocity of the water according to the second stick
Floating_data,FloatingFlowVelocity_ThirdStick,metres per second,number,calculated flow velocity of the water according to the third stick
Floating_data,FloatingFlowVelocity_Comment,NA,text,"more information, sometimes mean flow velocity of the water in metres per second"
Floating_data,FloatingTime_FirstStick,minutes,number,travelling time of the first stick in the water
Floating_data,FloatingTime_SecondStick,minutes,number,travelling time of the second stick in the water
Floating_data,FloatingTime_ThirdStick,minutes,number,travelling time of the third stick in the water
Floating_data,FloatingDistance,metres,number,travelling distance of the sticks in the water
Particle_data,file source,NA,text,name of original data file
Particle_data,DatasetID,NA,text; acronym of country and unique number,"unique ID of the dataset, as acronym of the country followed by a unique number"
Particle_data,MicroplasticID,NA,text,ID of the particle
Particle_data,Scientist,NA,text,scientist(s) working on the laboratory analysis
Particle_data,Photo,NA,text,name of the picture associated with the particle
Particle_data,Colour,NA,"text, standardised to https://vocab.nerc.ac.uk/collection/H04/current/","colour or the particle, standardised to https://vocab.nerc.ac.uk/collection/H04/current/"
Particle_data,SizeMM,millimetres,number,size as the longest length of the particle
Particle_data,Type,NA,"text, standardised to http://vocab.nerc.ac.uk/collection/H01/current/","type of the particle, standardised to http://vocab.nerc.ac.uk/collection/H01/current/"
Particle_data,FTIR_Plastic,NA,"yes, no","particle is plastic or not, according to the analysis"
Particle_data,"FTIR_Plastic_Probability score >0,4",NA,"yes, no","particle is plastic or not, according to the analysis, with a probability between 0.4 and 0.7"
Particle_data,FTIR_Polymer,NA,text,"material type, according to the analysis and as originally described by scientist"
Particle_data,"FTIR_Polymer_Probability score >0,4",NA,text,"material type, according to the analysis and as originally described by scientist, with a probability between 0.4 and 0.7"
Particle_data,FTIR_Polymer_full,NA,text,full name of the material type
Particle_data,FTIR_Polymer_standardised,NA,"text, standardised to https://vocab.nerc.ac.uk/collection/H05/current/","name of the polymer type, standardised to https://vocab.nerc.ac.uk/collection/H05/current/"
Particle_data,Match FTIR %,%,number,degree of similarity between spectrum of particle and reference spectra stored in library
Particle_data,FTIR_MethodUsed,NA,text,information on the method used or where to find a method description
Particle_data,Info,NA,text,extra information
